Tarih,Elektrik_Tuketimi,Su_Tuketimi,Dogalgaz_Tuketimi,Toplam_Fatura_Tutari,Oda_Sicakligi,Enerji_Tasarrufu_Uygulamalari
2024-05-01 00:00:00,17.49080237694725,4.753361827284151,6.849560230536352,265.1147584881674,20.320952893470356,1
2024-01-01 01:00:00,29.01428612819832,1.7249322646626406,2.469503578947092,262.09285674784314,23.985211411339545,0
2024-01-01 02:00:00,24.6398788362281,1.26598506946711,5.363010591125631,235.23749466096544,19.449530664475986,1
2024-01-01 03:00:00,21.973169683940732,3.964482597160236,4.218751096522856,284.14475530847596,18.49810799621403,1
2024-01-01 04:00:00,13.12037280884873,3.2978924527196476,6.3407112718875265,247.12871673981647,18.483053148289713,1
2024-01-01 05:00:00,13.119890406724053,4.367315107033088,2.8857489472369293,297.9104938015155,24.585491643521756,0
2024-01-01 06:00:00,11.16167224336399,1.559089506505158,5.463129761130823,263.41421382957367,21.54844306573284,1
2024-01-01 07:00:00,27.323522915498703,4.181069247439561,6.190576448240551,212.62647415645029,20.86588450271913,0
2024-01-01 08:00:00,22.022300234864176,1.8065092801909781,6.723071097370116,267.6177562075434,23.67615006705543,1
2024-01-01 09:00:00,24.16145155592091,1.654623771462818,5.416240141448229,232.5104015431699,23.85078149537361,0
2024-01-01 10:00:00,10.411689885916049,1.6570631917239718,4.485873820042137,268.63271966860975,20.325337231809232,0
2024-01-01 11:00:00,29.398197043239886,4.258298880925528,5.089236201006069,206.96411481624057,22.855326402316567,1
2024-01-01 12:00:00,26.648852816008436,3.6607888827848005,6.344524922393591,217.48814371759593,23.397859710963207,1
2024-01-01 13:00:00,14.246782213565524,3.0922616990764773,4.853048733194148,285.57372589057866,22.58255480806168,1
2024-01-01 14:00:00,13.636499344142013,2.43532193649401,2.1519352984841844,222.7179557023515,19.061165523600696,1
2024-01-01 15:00:00,13.668090197068675,4.508802163252433,6.654743477534889,283.70411252429403,24.131181584619398,1
2024-01-01 16:00:00,16.084844859190753,2.5697804296905415,5.447633755157806,227.92760884544106,21.77366186915206,0
2024-01-01 17:00:00,20.495128632644757,4.266397757886308,5.382566928886233,264.2881910058708,19.977306984590026,1
2024-01-01 18:00:00,18.638900372842315,2.7565396342808737,3.078375761988586,269.4150573509831,20.976597298063858,1
2024-01-01 19:00:00,15.824582803960839,2.5077777176996303,5.294427351163286,251.2654753145053,18.262997632792352,0
2024-01-01 20:00:00,22.237057894447588,2.8507191426784257,3.9693220282707924,230.53106766967312,18.89506760855692,1
2024-01-01 21:00:00,12.789877213040837,2.2055114966565683,5.25616488520746,221.2644376371096,23.358827253611025,1
2024-01-01 22:00:00,15.842892970704362,3.9904375207050045,2.532965151539954,203.31893545624263,18.000081443287563,0
2024-01-01 23:00:00,17.327236865873836,3.0108815603699166,5.289226523015181,230.3946401240724,20.915960799376045,1
2024-01-02 00:00:00,19.12139968434072,1.9288507805872692,6.997068628853333,265.3162790531283,21.65757126759912,1
2024-01-02 01:00:00,25.703519227860273,4.598298293098274,2.24106019430278,293.83048184484824,18.382440940006806,1
2024-01-02 02:00:00,13.993475643167194,2.5355648854928456,6.885870921106586,287.1204482263052,24.81154714080633,0
2024-01-02 03:00:00,20.284688768272233,3.1742114444559544,4.0345398036143525,276.60647765353025,19.582877318747705,1
2024-01-02 04:00:00,21.848291377240848,4.625888443858187,6.353767251686296,278.84473432532985,20.129391037453967,0
2024-01-02 05:00:00,10.929008254399955,3.4969519836559684,5.911927420291367,266.4984903475995,20.127597585785193,1
2024-01-02 06:00:00,22.150897038028766,1.4675921628334563,4.835081304933339,226.0286857566003,19.61291663482145,0
2024-01-02 07:00:00,13.41048247374583,4.7593284944539,5.692246046256633,290.71950307058296,18.01031675460418,1
2024-01-02 08:00:00,11.30103185970559,3.5108322122856714,6.39257780650674,267.0732311905834,23.105413558615975,0
2024-01-02 09:00:00,28.977710745066666,2.3396224586283445,4.020701608255164,256.044063098044,24.767918498594998,0
2024-01-02 10:00:00,29.312640661491187,1.557088290653549,3.6351658078161933,211.0989469213481,19.570054382995316,0
2024-01-02 11:00:00,26.16794696232922,4.1761007570811834,5.337966927817924,244.70555438064252,22.641330342623956,0
2024-01-02 12:00:00,16.092275383467413,3.480291023714054,6.039229709706293,246.03582712019264,23.193274288711006,0
2024-01-02 13:00:00,11.953442280127678,3.133844367905286,5.811425673883079,286.456360952267,23.93897765363367,0
2024-01-02 14:00:00,23.684660530243136,4.575570332203831,5.989068244293172,254.66482201877886,20.958404379095263,1
2024-01-02 15:00:00,18.803049874792027,4.154388844898123,4.177916574064665,238.04005489704096,20.120516339483004,1
2024-01-02 16:00:00,12.440764696895577,1.6066995189310047,6.089171080875108,297.6800328510659,20.27706593816122,0
2024-01-02 17:00:00,19.903538202225405,2.246888271182193,2.6010452768530423,211.07205933263157,22.98834933168959,0
2024-01-02 18:00:00,10.687770422304368,1.993956559257863,4.722445489804247,242.25484283119445,23.717456265539454,0
2024-01-02 19:00:00,28.186408041575643,3.975785170290708,2.028793302490608,204.20246751714052,19.27129777429622,0
2024-01-02 20:00:00,15.175599632000338,1.1341297389431175,3.6229291495013514,273.990412076693,20.596587057104358,1
2024-01-02 21:00:00,23.25044568707964,3.279558739485266,3.8323076743569895,291.8076552199151,24.31358137724405,0
2024-01-02 22:00:00,16.23422152178822,4.049834742962762,3.9808634580462767,228.00373295504895,23.646854637863175,1
2024-01-02 23:00:00,20.401360423556216,4.507062547046997,5.477336033449311,285.83416767991207,24.89400881933733,1
2024-01-03 00:00:00,20.934205586865595,2.36832699486363,3.9427905063517286,229.22182304618977,23.279737817774567,0
2024-01-03 01:00:00,13.697089110510541,4.285029218688051,4.2434681131126535,291.0770161643915,20.752366407195456,0
2024-01-03 02:00:00,29.391692555291172,1.442526947820829,3.1877206543716374,275.39619035967837,22.134464837962465,1
2024-01-03 03:00:00,25.50265646722229,4.385809166938072,3.8662589581467004,280.49067768414386,22.627099779731243,1
2024-01-03 04:00:00,28.789978831283783,1.5099546493279297,3.1363481363157573,201.80065556004544,18.54919071421987,0
2024-01-03 05:00:00,27.896547008552975,2.589149162241469,2.365979618842218,296.28103570740257,21.811478713727055,0
2024-01-03 06:00:00,21.957999576221702,4.1891814631182145,5.01724296690689,272.6670992070323,22.965245799308267,0
2024-01-03 07:00:00,28.437484700462335,1.5996697093950951,5.341063992775082,230.47510953861334,19.17124912800742,1
2024-01-03 08:00:00,11.76985004103839,1.917005580930566,5.097451730048073,282.9394664858847,23.4644220219789,1
2024-01-03 09:00:00,13.919657248382904,3.889010273572265,4.317470219002862,228.152119841493,22.08640946359878,0
2024-01-03 10:00:00,10.90454577821076,3.8801461461842974,3.898928900896149,287.2753839566128,24.665552499883162,1
2024-01-03 11:00:00,16.506606615265287,3.564590531541189,6.316668247859126,211.2580390411937,18.29695608744824,1
2024-01-03 12:00:00,17.77354579378964,3.7757937778684,4.59540892568109,270.36859774607956,19.85728296288827,0
2024-01-03 13:00:00,15.426980635477918,3.1708977733903847,4.395909388148655,254.06984766449102,22.210877155098768,0
2024-01-03 14:00:00,26.57475018303859,2.007196235627811,2.1282103290321785,209.65344701954407,20.075919385441516,1
2024-01-03 15:00:00,17.135066533871786,2.3827839740156778,3.7062391381307815,224.1893828258839,23.000969148498697,1
2024-01-03 16:00:00,15.618690193747614,1.7263908672057027,3.900978093929285,201.24040362773147,23.313036977653518,0
2024-01-03 17:00:00,20.853921663164968,4.633802245334513,3.9941139044845024,246.87679654645058,18.71761174846532,0
2024-01-03 18:00:00,12.818484499495252,3.333567179064482,4.900861846136662,230.12652607600003,21.596981249447374,0
2024-01-03 19:00:00,26.043939615080795,2.6034056670545596,4.668012733634392,259.8357484297759,21.562233889137392,0
2024-01-03 20:00:00,11.491012873595416,2.8480232145765307,5.039525463967223,229.7237807708617,20.58496539150879,0
2024-01-03 21:00:00,29.737738732010346,4.789133358447261,5.824416307710641,229.99191115069846,24.530474037987705,1
2024-01-03 22:00:00,25.444895385933147,1.6134056124643208,6.064928693580468,274.31931987316034,23.792544239112548,1
2024-01-03 23:00:00,13.974313630683447,3.344919328067189,5.590615381132472,204.81428359783536,22.880465673367457,1
2024-01-04 00:00:00,10.110442342472048,3.023554715537864,6.777618479774674,290.2894995191987,23.000286450144984,1
2024-01-04 01:00:00,26.309228569096682,3.4458169417385913,2.091162913381808,285.2263874391181,21.232013006691833,0
2024-01-04 02:00:00,24.137146876952343,1.072440735283362,2.9788899284177304,266.7804683226407,24.44696164767603,0
2024-01-04 03:00:00,24.580143360819747,4.488495635776606,2.0378143748907105,259.3221570107384,22.862167990772996,0
2024-01-04 04:00:00,25.425406933718914,4.72847312993445,5.2373735707730145,289.2302498139652,23.102867431590717,1
2024-01-04 05:00:00,11.480893034681808,3.2605327343568358,6.490152744749935,218.53301795287143,24.031836326511417,1
2024-01-04 06:00:00,17.169314570885454,3.786603295507569,3.2174114828814964,207.89691621908287,19.918501125395338,1
2024-01-04 07:00:00,12.317381190502594,4.689997524709183,6.635172723981533,223.9510169909538,23.64949632706692,0
2024-01-04 08:00:00,27.26206851751187,3.8289545372535945,2.301336951447804,279.45782787001906,19.366684220695443,1
2024-01-04 09:00:00,22.46596253655116,1.6101561716570454,6.672180134027571,203.46702667264833,20.417393665714215,0
2024-01-04 10:00:00,16.617960497052984,3.3051534406672527,3.758113436198172,258.28068350834894,20.3492731798889,0
2024-01-04 11:00:00,11.271167005720473,3.4268601855314236,2.5071041422460825,299.543751619131,24.849678278723985,0
2024-01-04 12:00:00,16.219646434313244,2.696522685209544,4.429358795931629,285.5696093837539,23.99576056623549,0
2024-01-04 13:00:00,16.503666440534943,3.9457769424988913,3.2838828386025396,252.14456890435895,22.90818903113182,0
2024-01-04 14:00:00,24.59212356676128,4.737468059076059,3.4243645098096143,206.36409092866424,23.08939733130773,0
2024-01-04 15:00:00,22.751149427104263,4.702274051627105,3.5364498246314326,283.137351438571,21.934509560817997,1
2024-01-04 16:00:00,27.74425485152653,2.8033574856165284,6.015129489163317,259.89785081772106,24.629634669759632,0
2024-01-04 17:00:00,19.444298503238986,1.452952183363021,4.695806383376272,211.49329970595667,21.47381127017653,0
2024-01-04 18:00:00,12.391884918766035,4.939364795849338,3.556538495780018,209.38572848233562,20.66362396908926,1
2024-01-04 19:00:00,24.2648957444599,4.355592345783736,5.051668916554592,290.9626819436592,19.141247358521138,0
2024-01-04 20:00:00,25.21570097233795,1.4986507248130674,5.580753371115968,266.92002629380784,23.503439565827406,1
2024-01-04 21:00:00,21.225543951389923,4.683367530469489,3.3631200036676687,282.92867993167556,23.14110752452914,1
2024-01-04 22:00:00,25.41934359909122,4.479585448248513,4.067745507626757,287.8978900282267,20.690485269668944,1
2024-01-04 23:00:00,19.875911927287817,3.0753522285042885,2.6094304666847377,257.17723520483224,18.176353897714606,0
2024-01-05 00:00:00,20.45465658763988,3.365101742979717,2.9057467476734016,251.74463517550413,23.872981294026076,0
2024-01-05 01:00:00,18.550820367170992,2.596010815480521,5.4055892698249135,243.042741032099,18.079925884178515,1
2024-01-05 02:00:00,10.508382534881903,1.2190465552881253,2.9071917384781347,231.69465877911193,22.925898457403356,0
2024-01-05 03:00:00,12.157828539866088,2.3407889665836037,4.625816918335301,243.45959608587117,24.7917997680824,0
2024-01-05 04:00:00,10.628583713734685,4.211413794392046,5.545231308612164,277.38796557301566,21.063629297037423,1
2024-01-05 05:00:00,22.72820822527561,1.0185280920184114,2.5343846154737193,260.1923431015132,19.644813834971668,1
2024-01-05 06:00:00,16.287119621526536,2.3339966867645767,4.836561098144518,289.2523289954846,22.93409707030367,0
2024-01-05 07:00:00,20.171413823294056,2.5926747743637732,3.282813918506819,244.33800143791876,23.719896994109096,1
2024-01-05 08:00:00,28.15132947852186,3.1495824117516915,6.814634376187899,260.7089578718754,21.82501221254493,1
2024-01-05 09:00:00,14.9858445829775,4.679422465651042,4.4177282335996235,263.1307553091989,24.769246926793024,1
2024-01-05 10:00:00,18.207658460712594,2.385383977463845,6.029962748875791,259.16971623063256,18.36168105160573,0
2024-01-05 11:00:00,25.111022770860973,2.3878128075849108,4.751132710781309,270.26337730855164,21.533569188131697,0
2024-01-05 12:00:00,14.57596330983245,3.9500049924389935,2.2170626642740956,223.74334683748063,23.029177631257852,0
2024-01-05 13:00:00,11.53959819657586,2.8088717635592286,5.165756877970112,251.23637775457905,24.03848329804425,1
2024-01-05 14:00:00,15.795029058275361,1.8984192917599279,6.757016711033285,210.42248028083478,19.25478928335453,0
2024-01-05 15:00:00,13.224425745080088,2.8097580645307736,5.008059100731656,238.45113276448126,23.60002437234577,1
2024-01-05 16:00:00,28.59395304685146,1.5634280815191994,6.095944297133951,248.76670686212645,21.868949530029816,0
2024-01-05 17:00:00,26.16240759128834,1.7055479460248932,6.421032316742039,265.22242595454725,20.77587577392974,0
2024-01-05 18:00:00,22.66807513020847,2.993471090957919,3.1403988597446624,295.05310525862035,18.922005200053654,1
2024-01-05 19:00:00,27.429211803754356,2.6757017980181916,3.0602241995411332,260.0651066548356,24.057070312362388,0
2024-01-05 20:00:00,26.07344153798229,4.6593836042724,5.054904944254959,274.359391617656,19.10091245725801,1
2024-01-05 21:00:00,13.731401177720716,2.4495755964665324,4.055142349033524,250.62660594952027,20.168515014463694,0
2024-01-05 22:00:00,27.851179969799556,3.322353401112174,6.1993065143336015,263.4104031376331,20.030318723737057,0
2024-01-05 23:00:00,20.786844838313016,3.5290571516781215,6.500115616990056,207.09322161337735,24.099898239335978,1
2024-01-06 00:00:00,26.14880310328125,1.0523778263533345,3.7671068965135905,225.4391580841847,22.708920959462287,1
2024-01-06 01:00:00,27.921825998469863,3.6541494880668424,3.18435279487241,236.18530932051385,23.576769780339607,1
2024-01-06 02:00:00,16.360069499437277,1.7121438674790057,5.9026275762193094,247.24933550065134,19.753275291547492,0
2024-01-06 03:00:00,12.201038490553536,4.84428126987782,3.3740301777406803,204.5648745502384,22.374118697248992,0
2024-01-06 04:00:00,14.558703250838834,1.5946509110124518,6.113071592568392,214.00240975533177,22.00222188200624,0
2024-01-06 05:00:00,18.542155772525128,2.658496494908095,4.118691268243814,227.68143077913058,23.829812637517897,1
2024-01-06 06:00:00,26.36029531844986,1.3413986723145754,5.337749496457352,297.1532690901051,24.342609423368824,1
2024-01-06 07:00:00,27.214611665126867,4.987497007383789,2.477676569173341,233.13470071030508,18.08509740034171,1
2024-01-06 08:00:00,10.139042610623815,3.0087800413249703,5.119296623382866,248.20410581120825,22.718139433411547,0
2024-01-06 09:00:00,20.214946051551316,3.381540069280175,4.258838393686146,219.6097712738393,18.362850593838104,0
2024-01-06 10:00:00,18.348220062975578,1.26830590955371,4.933042315877371,261.0780071075768,21.842010655541493,1
2024-01-06 11:00:00,14.442156209414605,3.999841881596711,2.840071038724317,228.06832155159742,20.013429103305747,0
2024-01-06 12:00:00,12.397307346673657,1.839622372382343,5.68436872472091,220.69925784384267,20.147436196654986,1
2024-01-06 13:00:00,16.75230342807256,4.592217157762855,6.3139853877161425,251.6572628445979,20.470709524166494,0
2024-01-06 14:00:00,28.858194078250385,1.8205585619280287,3.083699000453878,200.55057991604207,22.34904714334727,0
2024-01-06 15:00:00,16.464058640415104,1.7627508826546663,2.4785727776008084,200.76640326492253,20.338349759681385,1
2024-01-06 16:00:00,20.37581243486732,1.1461986713923795,2.118192930231682,221.90688091018578,23.12889335413196,0
2024-01-06 17:00:00,24.060379177903556,2.888267780439997,5.20985750221633,203.6721362500821,20.83169169901709,0
2024-01-06 18:00:00,17.27259204758588,3.2593645330504657,5.0354701804439035,210.80257541306915,18.47847240216971,1
2024-01-06 19:00:00,29.435641654419214,1.2628345577134095,4.73348706357035,233.88606493387516,23.48631889738875,1
2024-01-06 20:00:00,29.248945898842223,4.102110466780042,3.159735480579877,280.2585679579813,20.000308272148942,0
2024-01-06 21:00:00,15.035645916507283,2.8131553389921105,3.9545299795275732,257.2048643369301,21.02936815719484,1
2024-01-06 22:00:00,19.94497011784771,3.09756107731032,4.972381675930865,251.26677259564164,22.79810718255331,0
2024-01-06 23:00:00,16.017566196335395,2.7630509877529126,4.483834294295847,229.34888232081215,20.327193100040983,1
2024-01-07 00:00:00,15.696809887549353,2.603052243501304,6.938927601074436,293.1753719432816,18.39609959302701,0
2024-01-07 01:00:00,10.737738947090655,3.2385613252328715,2.6821987627836656,239.70150412371916,20.617447329089696,0
2024-01-07 02:00:00,22.191286679597937,1.62096098372285,5.475722770237969,208.70927667957716,24.611140078860124,1
2024-01-07 03:00:00,20.05358046457723,1.7277125219810845,4.021593840521461,261.7066516117801,22.49214078108991,0
2024-01-07 04:00:00,11.029575024999787,4.447142484054069,4.140998074628074,211.38383934766014,22.700354040670447,0
2024-01-07 05:00:00,15.57292928473223,4.784461848534531,5.587988828290881,234.5223142801692,22.42597507546348,1
2024-01-07 06:00:00,28.165317719333075,2.493237265119012,5.462180756621848,250.7411938717809,19.39294497271606,1
2024-01-07 07:00:00,14.791237813339448,2.082978692574215,6.956279968510941,287.42225246851757,20.92833704871596,0
2024-01-07 08:00:00,12.897897441824462,3.575998172956063,2.641971447270626,249.35465803401186,23.256578588543228,1
2024-01-07 09:00:00,19.78905520555126,2.6349366843923856,2.5205482469208316,270.2258766031664,18.709610282872113,1
2024-01-07 10:00:00,29.713009082212015,1.1015454226413794,5.621694085643705,299.281683899907,19.944969432627985,0
2024-01-07 11:00:00,14.841105430230009,1.6246103894647614,4.891934585032045,213.14891198979817,19.934233759260977,0
2024-01-07 12:00:00,23.442710948117572,3.86388891538959,3.370803332799029,227.47315255195196,21.02413249316154,1
2024-01-07 13:00:00,25.23239230657435,3.6356957676406054,2.397096844944933,239.45760755976465,24.862581186595296,1
2024-01-07 14:00:00,14.752750879847994,1.108383970013934,2.428291247982153,242.18281785388314,18.472517826786753,1
2024-01-07 15:00:00,24.56432697223719,1.8878886477317978,6.470954373320591,241.10210752655456,21.630906960664166,0
2024-01-07 16:00:00,17.355662654385064,1.9242991863522856,2.9593366235937144,290.7611002556555,19.255552774085473,0
2024-01-07 17:00:00,22.64611661187159,3.6875709743949137,3.6168578105776037,271.4032644466856,24.794735817868208,0
2024-01-07 18:00:00,22.670594215217896,1.0788421510174566,3.13328201113494,260.7905214090704,18.79312453309225,0
2024-01-07 19:00:00,20.71549368149517,1.4164343279382954,3.7749815291596867,230.93727178627822,20.825207016531138,0
2024-01-07 20:00:00,11.805795401088165,4.199664341492758,2.347119213730467,282.3790384221295,23.165194893842244,0
2024-01-07 21:00:00,26.70604991178476,1.7141786482173345,4.595298954541352,295.5060511484989,22.931880996192117,0
2024-01-07 22:00:00,16.415601299434716,3.610984431407499,2.3380628179610747,282.11982825502264,20.959100458257524,1
2024-01-07 23:00:00,13.730370207997085,1.952731124186906,6.001782539111808,200.1565105191473,20.42566917566903,1
2024-01-08 00:00:00,10.815502831095278,1.3977655710373806,3.168560409552165,263.6401370183407,20.783286649870092,0
2024-01-08 01:00:00,21.817858863764837,1.9726887639978163,4.700059573022553,205.11353814421008,19.849933842110474,0
2024-01-08 02:00:00,23.55128723684565,3.8890677274226366,6.400395437807291,225.7607220333722,19.437330570947598,0
2024-01-08 03:00:00,10.331756578557123,4.422785872425143,5.25438684523597,205.95247003477718,21.38127788291223,1
2024-01-08 04:00:00,20.24186116598562,4.320879458267966,4.664788932756677,260.3795452949388,19.87973629247325,0
2024-01-08 05:00:00,14.529915503958758,2.5887341184738193,3.621668765576878,268.65899134926065,20.01223165428075,1
2024-01-08 06:00:00,22.903455808188998,3.6723405462825847,3.6650095652909895,211.4487638065905,22.5972924443219,1
2024-01-08 07:00:00,13.48732858009983,1.8199371816632839,5.34743477599095,238.38388830449796,24.779761321899244,1
2024-01-08 08:00:00,23.81875476204932,2.172590921044053,6.970696806105837,245.6236508955542,22.225460403915626,1
2024-01-08 09:00:00,17.734706926010748,4.5853432740844795,5.309195949246893,236.90530217609165,18.538856269454765,1
2024-01-08 10:00:00,28.73459977473469,1.0520076940429441,4.788917086850125,212.10250004851932,18.52908529697847,0
2024-01-08 11:00:00,12.750418882919865,1.3420341234178723,5.65325255119623,241.89477901874756,24.65996254591896,0
2024-01-08 12:00:00,16.82132702100517,1.8315450205841093,4.32602806141859,275.1178047808418,20.081035532151336,1
2024-01-08 13:00:00,12.269470424811782,1.1061288154952789,2.300711713003926,207.10076645332555,18.644468902577326,0
2024-01-08 14:00:00,28.493872365571256,1.7257417403591893,4.811484079389549,208.01800140819034,22.19331211005267,1
2024-01-08 15:00:00,27.54678706761962,3.3321662438787687,6.788126422526901,235.47712918359844,22.365541448031863,1
2024-01-08 16:00:00,15.158832554303112,2.685698202369992,2.8765147117882983,294.1725711618925,22.539533740830816,0
2024-01-08 17:00:00,23.19968092068358,4.570686844307899,5.450024454103328,266.8572646722914,19.871814195002788,0
2024-01-08 18:00:00,26.344444004024318,4.269774246953764,3.0046684432952824,267.86699566725645,18.105774789501325,0
2024-01-08 19:00:00,21.10401623198925,2.367269406791504,4.679138422365407,236.1919990837865,24.755107586181303,0
2024-01-08 20:00:00,20.59301156712013,2.03769373372517,2.483382248233598,259.36607912085384,19.756251319837716,0
2024-01-08 21:00:00,14.837045818009035,2.5187696326690676,4.251854681290926,201.01311840277432,22.73218401636783,1
2024-01-08 22:00:00,11.862055356117985,3.361179770059231,5.78081664447623,263.6096046409542,22.94640908915097,0
2024-01-08 23:00:00,27.944315159066534,2.072254563291505,3.7378576211949106,291.3286947576237,22.2700519195564,0
2024-01-09 00:00:00,28.008361143266608,3.496595631396536,5.32455862243609,261.25734683448195,20.190351759495538,0
2024-01-09 01:00:00,22.66202914546536,2.6376466087649617,5.977249803948646,287.3698593466345,19.897673776348462,1
2024-01-09 02:00:00,16.780595820974014,3.208188723407921,6.635889097397263,272.39730554660935,22.183677978918922,0
2024-01-09 03:00:00,16.984191492253217,2.7445061165412667,3.1732104092772677,212.055841640369,24.06266943528184,1
2024-01-09 04:00:00,24.519113577404788,2.1778630381676707,3.9965795790465406,290.2453307285842,24.62713610246377,0
2024-01-09 05:00:00,27.942205199051543,4.793813227848627,2.762080066652087,206.64438443557748,18.741340630826304,0
2024-01-09 06:00:00,27.741728485302346,4.054423176639043,6.962417510791876,253.3967472547764,19.08380028818404,1
2024-01-09 07:00:00,25.597510917152476,1.5604527030658102,6.635004839621477,214.21371237934576,24.61315381148156,0
2024-01-09 08:00:00,22.840632923085757,4.473871903591651,4.699785651402798,201.1706610730904,23.155746598343548,0
2024-01-09 09:00:00,11.682799299900976,2.9497247929980546,6.210166471882106,242.20342601276388,24.18095677380841,1
2024-01-09 10:00:00,13.232574281892276,4.578208907576366,4.60478988636021,229.50407076541563,19.4184284389474,0
2024-01-09 11:00:00,27.971083770541586,4.199421023789261,5.117928440013799,248.6000493797603,22.113101097765814,1
2024-01-09 12:00:00,22.1285811931918,2.700854017876934,2.445622160580083,257.7199886734551,22.907977160922314,1
2024-01-09 13:00:00,10.183941032332593,1.0898772332804696,5.77635210248404,204.37390723089473,22.76078319812881,1
2024-01-09 14:00:00,12.029430857320643,2.0747094375397843,2.6385674181761742,212.30032951237456,20.857061836066887,1
2024-01-09 15:00:00,23.270035382161115,3.1665368586434677,6.130338151262642,255.86423964504255,18.10776424183916,1
2024-01-09 16:00:00,10.101231676924375,3.533912879304589,5.910140438351929,234.31673531726582,22.080482397629844,0
2024-01-09 17:00:00,13.216161028349973,2.031550741732809,5.543723488714882,272.9173487549448,19.77171077425726,0
2024-01-09 18:00:00,20.974675787331723,1.5574242962912965,2.1808019026238106,265.229164859194,21.15177972300023,0
2024-01-09 19:00:00,23.837903953853864,4.339720947197197,3.515641779726643,284.5604362989907,24.703067105586722,1
2024-01-09 20:00:00,23.03922519005201,4.9376087228142085,3.3155628495542144,269.2492826669225,20.793247223497044,1
2024-01-09 21:00:00,14.485386189211196,3.1027607292107433,3.8006820373575954,242.99310773901482,23.878611246650987,1
2024-01-09 22:00:00,24.24358442695072,1.686717143393214,2.4382137338191927,267.2966622394432,19.319784240244758,1
2024-01-09 23:00:00,14.744981749936002,2.089229306077476,6.684789115155314,227.53811742554186,22.707223486175202,0
2024-01-10 00:00:00,16.507993963185356,1.073562706189867,4.769011203561881,230.63134987782126,24.839048681072605,0
2024-01-10 01:00:00,24.92982810236048,4.657195226241996,3.5276215532901176,278.8985159920793,18.713251706110558,1
2024-01-10 02:00:00,22.992657980944294,1.4710043315605645,3.984907585371417,244.64195164015823,18.058239595590344,1
2024-01-10 03:00:00,26.98446820988356,3.3060659020570142,4.236012702524178,279.8380340518353,21.0350795484283,0
2024-01-10 04:00:00,23.15225784600687,2.096220882748824,5.002971666803086,282.24223736682785,18.64837838135957,1
2024-01-10 05:00:00,21.36617206670943,3.2167120100631736,4.578397138482488,285.7562337661284,23.238690447733617,1
2024-01-10 06:00:00,11.87349535656185,3.605681553407457,6.596959866072087,291.66352358412075,24.401840646939913,1
2024-01-10 07:00:00,17.35431606118867,4.318967214828806,4.484817414529151,243.0985220513296,21.03814680896131,0
2024-01-10 08:00:00,15.304047353634509,1.8256850870424128,6.960790074116563,231.88668183211388,19.810981495088086,0
2024-01-10 09:00:00,14.87979286758167,1.043983314633922,6.257124788725479,258.2198746594114,21.040823233046268,1
2024-01-10 10:00:00,29.460211095048912,1.547542520275229,3.042552571786679,237.11724234376277,23.06413472495001,0
2024-01-10 11:00:00,17.861954493335208,4.60007456739242,6.652976073219581,260.1074166800233,18.063379131062597,1
2024-01-10 12:00:00,27.840931103542268,4.495560310250061,2.5818319894273802,270.5585862643825,22.12617792639288,1
2024-01-10 13:00:00,22.622772519945258,3.389652408681233,6.087248542455958,268.8405018492137,22.293041794211653,0
2024-01-10 14:00:00,25.896226070832967,3.4020674417346135,3.9031164673829,237.45528870201213,22.46381772827155,1
2024-01-10 15:00:00,20.052741862103844,3.660146698185022,6.389871602225347,216.6860201698753,19.694154559866142,1
2024-01-10 16:00:00,21.53807769252718,1.7014851144937984,6.340283450537251,243.05293384622075,22.998369063646887,0
2024-01-10 17:00:00,19.850353876377277,4.657647783699839,6.029627000588106,214.25941440819088,18.639740404322435,1
2024-01-10 18:00:00,13.90485975596089,2.6750820995682925,5.950152181535307,289.00970351838083,19.394892355267604,1
2024-01-10 19:00:00,24.44904230523011,2.53255411299799,3.523395695490204,234.58774607378575,24.142290326581374,1
2024-01-10 20:00:00,15.615447248817116,3.07567082113135,2.404596415256261,215.44597472233238,23.171062055085965,0
2024-01-10 21:00:00,10.486319328629076,1.1878638671002202,4.014900893825807,202.5447759905751,18.096218878079416,1
2024-01-10 22:00:00,22.909445918143355,1.6651334750243176,2.8676225749325432,264.58223862864844,19.7386338225886,0
2024-01-10 23:00:00,13.542213588140978,3.9521344657054818,5.474755444512309,263.6902317454743,19.500845380952153,1
2024-01-11 00:00:00,28.809171687058285,1.3311946717005059,3.730498632688928,234.06041665812916,19.89564429625881,1
2024-01-11 01:00:00,29.078571540051747,3.412608437865553,6.878051004299574,207.17118888476512,19.732918391959206,1
2024-01-11 02:00:00,28.29728780440897,1.9813964387252838,5.20486038672666,240.9628894895232,18.43768407019992,1
2024-01-11 03:00:00,17.403174005108887,2.557182456167906,6.112402818171804,231.12174950633937,21.212583616177742,0
2024-01-11 04:00:00,10.309132330577349,2.1547749470827995,2.6626233637092422,267.7120639735009,23.129134323503155,0
2024-01-11 05:00:00,28.566371251754507,2.4226908658597965,6.310072411363112,260.57792494526905,22.247122073022055,1
2024-01-11 06:00:00,18.563682966346285,3.876183620736982,6.613785952566972,236.459372819754,22.710101680186558,1
2024-01-11 07:00:00,29.333096380873393,2.1884868624927,4.435309594094679,221.78925542549902,18.568044249753672,1
2024-01-11 08:00:00,29.272399541785056,3.2656185611875888,5.031264688754887,298.8035966155592,24.66043497123751,1
2024-01-11 09:00:00,27.060189109347203,2.9042016087963987,5.824049004514977,245.40016211961148,23.86944283690117,1
2024-01-11 10:00:00,15.888977841391714,3.6546846614505926,2.874193136302063,268.82742357802374,23.63563222946964,1
2024-01-11 11:00:00,17.701954572038506,4.747318957299032,4.512830382317212,214.0552967578361,23.760886635292373,1
2024-01-11 12:00:00,27.022733430337137,3.930288388841001,3.9933151388615657,248.55896996593978,24.52897355692933,1
2024-01-11 13:00:00,16.338440103125553,1.859761514363027,2.7318699608112453,202.75367198694656,21.809777762795882,0
2024-01-11 14:00:00,13.38985493372185,1.1247325402451387,3.8376721114576573,250.545511791045,19.40197412507338,0
2024-01-11 15:00:00,21.136025249167005,2.0490561771993003,2.340861546927468,296.40174071177023,22.31748525496779,0
2024-01-11 16:00:00,28.72309548321562,3.3803117228010193,2.129059534747435,238.42067129858003,23.200170455675572,1
2024-01-11 17:00:00,23.92059593349946,1.2057032539370014,2.6758314457741137,203.89960125749116,23.165421753478178,1
2024-01-11 18:00:00,21.4012234017873,2.9854649888049454,6.815575557945869,203.09557909193435,21.65014316916816,1
2024-01-11 19:00:00,11.94352987541537,3.387371395667557,4.747647679475085,238.79867599468696,18.479211035335048,0
2024-01-11 20:00:00,22.300144533983396,2.3369755632678433,6.8291108057661,216.0024936463194,20.597790569010893,1
2024-01-11 21:00:00,29.801077002085265,4.083648814983288,4.162489391650659,202.3352096328186,24.4453662592435,0
2024-01-11 22:00:00,12.80168030473048,1.4263930125350872,3.559080665426298,275.6213613950177,22.09114236830198,1
2024-01-11 23:00:00,20.366593047274733,1.300551126943235,4.5307093142012205,245.85230088818906,21.768323602789994,0
2024-01-12 00:00:00,27.547461438559107,3.9127550248144134,4.197558443164551,228.92447719726545,19.881974600675356,0
2024-01-12 01:00:00,24.815372355084087,2.981965264824794,2.52832342130872,290.00831830164805,20.579142439416053,0
2024-01-12 02:00:00,23.94031481990536,3.753609585710944,5.204131573451031,211.61389602005255,24.267422624072186,1
2024-01-12 03:00:00,24.049681679742186,2.739309354414985,3.080190912547998,295.5918828955319,22.66524133268785,0
2024-01-12 04:00:00,17.189823024395103,1.9856081329564272,5.097939774489148,231.3966717377353,23.51170918726633,1
2024-01-12 05:00:00,15.871836885289866,4.276409270696799,5.251005461990767,288.84036723086814,21.180417961473587,1
2024-01-12 06:00:00,26.187223109570272,4.197663515875917,2.7601242656432405,260.29428764794613,22.411730536193105,1
2024-01-12 07:00:00,26.202267893583617,3.778785883417707,2.306748135553341,282.6707359741487,19.738685261202452,1
2024-01-12 08:00:00,27.341446371602075,2.088580548919851,5.903807930342199,298.4013163210464,22.938225811984402,1
2024-01-12 09:00:00,28.264811051129428,3.3609226674763484,4.299002118846601,228.84054378187457,20.99320933592336,0
2024-01-12 10:00:00,20.226847977218757,2.443895587760107,2.290818977527379,296.1135485407593,21.097818603703217,1
2024-01-12 11:00:00,20.030325893743992,1.3663282933065366,6.9743315858488355,238.94818949024204,22.545256272038174,1
2024-01-12 12:00:00,25.965903579335503,4.669254301848971,2.2889028049818334,238.55119047369223,24.553964350282484,1
2024-01-12 13:00:00,22.999278615555305,1.5472745236758456,5.475176144292766,234.03871042545057,18.448044426260346,1
2024-01-12 14:00:00,24.03933754515407,4.80094941528321,6.918394626317068,254.14076073475852,23.773202661429053,1
2024-01-12 15:00:00,25.91585338872202,2.784023091831823,3.1959005210796283,215.4145043178487,20.04668177288535,0
2024-01-12 16:00:00,27.800106836351326,1.7405317153544786,2.7112468434359807,255.37114853580113,21.107436181544646,0
2024-01-12 17:00:00,16.759903137030715,3.1676037895134326,2.6069246971121443,254.1704812410004,18.153393301425062,1
2024-01-12 18:00:00,17.51165905279888,4.491783343505633,3.516375737837978,276.190181260487,20.10732254484019,0
2024-01-12 19:00:00,11.87963879681738,3.9288995456382447,2.5052290550532335,283.36499619375854,21.518418698410912,0
2024-01-12 20:00:00,21.56560281992348,4.2262445914457984,5.46080670847066,244.0441350312424,18.393232541432074,1
2024-01-12 21:00:00,10.718845475934842,3.6351334668428694,2.3114589906503133,230.23332493514937,21.437670105682155,0
2024-01-12 22:00:00,19.311960362649202,3.76910625807141,4.547110640748949,225.93348973170944,24.48977440200899,1
2024-01-12 23:00:00,20.85289269415153,4.396782606261278,6.983484269264884,219.46238367048718,18.737752526754637,0
2024-01-13 00:00:00,15.730825042565687,1.9986720354367438,6.069851347530094,205.7647582199025,23.35108509652853,0
2024-01-13 01:00:00,21.816665211380215,2.957699854572562,5.076097191155054,234.24479788347134,20.867697373631948,0
2024-01-13 02:00:00,10.610004998780989,1.884837767278409,3.5312681039330585,227.02476921307832,22.586216001670365,1
2024-01-13 03:00:00,10.746963774984287,4.9506720319865885,5.119479181458193,296.6417385866407,19.821656185896607,0
2024-01-13 04:00:00,26.452011213193167,4.776237358746453,4.635207319558258,255.7708826250044,19.11644583778951,0
2024-01-13 05:00:00,17.20381282822526,1.1577072454740236,4.130416919451857,234.72770390305075,19.123238299898585,1
2024-01-13 06:00:00,12.541210253037695,3.822300690062754,2.6535518837009975,258.0467600993696,18.493443619502013,1
2024-01-13 07:00:00,20.444865201096086,4.700993269662663,6.433021076202333,213.91967013456954,19.2995269343087,0
2024-01-13 08:00:00,25.399871061972217,1.7223013805093341,4.248923244106613,244.40437492022028,22.64953569492278,1
2024-01-13 09:00:00,14.316420549936863,3.271780922210518,2.9731125591038254,262.62343214210637,24.171834282904555,0
2024-01-13 10:00:00,22.457809516380003,4.661953190352167,3.838796754386448,248.88978317924514,23.698879799138133,0
2024-01-13 11:00:00,11.70694929987536,1.1357839143431954,4.070648762644636,240.17788006543242,22.795940169121387,1
2024-01-13 12:00:00,11.033634423372154,3.7896810689873597,6.137689477834371,299.38483888996984,18.773023043877718,1
2024-01-13 13:00:00,20.62709263136296,2.189396029490203,5.668071902807011,288.0314762148927,20.02431212407165,1
2024-01-13 14:00:00,20.81270243220213,4.697584781506121,5.846524468206699,262.340595815944,20.168648127257285,0
2024-01-13 15:00:00,22.748598029964132,4.884232980661471,2.055156322143236,256.93773611822826,19.74969862478335,1
2024-01-13 16:00:00,24.52182667445323,4.777065956453736,4.0807699908988075,262.06604798245843,21.60503961796806,0
2024-01-13 17:00:00,29.51704158925069,2.896856866629855,4.406720758176618,220.13121078224333,21.74887670415771,1
2024-01-13 18:00:00,20.326006966023904,4.448170603957253,2.0959613841152835,239.51377432643187,20.49820182619777,0
2024-01-13 19:00:00,16.45912945882492,4.378197594140282,3.299066043725171,203.94595328908994,20.47652411115505,1
2024-01-13 20:00:00,25.90372389537407,2.2764018929730225,5.801449115610675,247.55460374868267,23.79988918534257,0
2024-01-13 21:00:00,15.416645025241484,4.315661896602709,2.685548528644995,254.3024583957663,23.5250499382378,1
2024-01-13 22:00:00,18.779428414112722,1.1480305388619705,4.6765506572629585,222.77497361032096,20.15457082176522,0
2024-01-13 23:00:00,11.569127626845319,3.385079513928212,3.0760093600861875,296.4028847165514,24.396519107112816,1
2024-01-14 00:00:00,10.50701486830915,1.9200353491508122,2.0606038732194665,290.9454610937242,24.669705119017543,1
2024-01-14 01:00:00,29.252968293558503,1.4822675431091152,3.2060072879977075,272.21432354559056,20.287197794210286,0
2024-01-14 02:00:00,26.719602410244118,1.3078128065168366,6.879368774550269,253.33866287653626,20.480974641551384,1
2024-01-14 03:00:00,23.91948412187396,3.785155103512559,6.007685559414948,286.9969159647685,21.539439073953712,0
2024-01-14 04:00:00,18.179058888285397,2.3594998550722646,6.797883221605167,213.0652343823463,24.587845687735715,0
2024-01-14 05:00:00,13.465886401416915,3.899067086115046,4.439270219631812,279.0509794274885,24.13423603199618,1
2024-01-14 06:00:00,13.128740853421721,1.2614253631957695,2.5486809933875176,212.48208139668483,18.71797573808513,0
2024-01-14 07:00:00,15.004857963291906,2.2611613513224413,4.739797444868465,279.42106625494057,20.749115202899915,1
2024-01-14 08:00:00,20.984533294122407,3.157965169501349,4.271886672799805,227.5767568251357,21.873598328248402,1
2024-01-14 09:00:00,24.291918454001248,4.162892659355855,6.22178541369808,287.70905810181887,21.52192730786078,0
2024-01-14 10:00:00,23.203947534354626,2.2750100117282797,2.490412903921223,294.40420938253976,19.357041475558248,1
2024-01-14 11:00:00,15.598677938918858,3.5035655057480364,4.441205685108891,214.87959694051156,24.011717398177083,0
2024-01-14 12:00:00,29.09730561326388,4.543910992944749,2.7502433234699213,246.26756050653935,22.73858548097786,0
2024-01-14 13:00:00,24.75793833391537,3.4634527527292183,3.6233796344502998,298.0987378162685,23.865358623962624,1
2024-01-14 14:00:00,21.087081050228015,1.931837899014535,5.686785386938999,248.34074359731466,24.011349955446306,1
2024-01-14 15:00:00,22.234414924687044,1.097603126226152,4.380090646843833,286.3547522514545,23.238490975660177,0
2024-01-14 16:00:00,18.3920012485558,4.4803954956037195,3.8794414257288468,258.873152213132,21.074474208748022,0
2024-01-14 17:00:00,14.954619790023148,1.0850776434015486,3.9723813928501768,237.53299079196017,22.27382728510797,1
2024-01-14 18:00:00,17.119453573025233,4.498806690736798,4.297233842029933,228.57835555258703,19.1225578428382,1
2024-01-14 19:00:00,25.15692220928738,3.115748536108848,5.925082719185284,220.32230910860872,22.715517922324352,1
2024-01-14 20:00:00,10.287869772595117,4.756270794051584,6.460423444701172,276.17981913776975,19.254772790174965,1
2024-01-14 21:00:00,12.321452810138325,4.195132943094661,6.776673432519641,238.6540506823028,22.8576471335711,0
2024-01-14 22:00:00,10.920052840435055,4.99173644213335,5.934516931276475,251.12754622007512,19.607187125277783,1
2024-01-14 23:00:00,10.814576046379402,2.4028472618068406,3.577034478740064,249.2325480001182,18.82285910105154,0
2024-01-15 00:00:00,27.109211680220145,4.068753155724508,5.4406735304327105,257.72790292331314,19.1569914310007,0
2024-01-15 01:00:00,24.073157187600472,2.6077236544369686,4.18801562027696,286.5577145624552,18.013944946533492,1
2024-01-15 02:00:00,19.483476581746505,2.9195024812156354,3.2733531102302558,298.07393435834297,23.031177324974713,0
2024-01-15 03:00:00,11.95668321302003,3.5100218528734803,6.204357897129613,240.75842085738168,23.126807343408654,1
2024-01-15 04:00:00,19.832317502336647,4.4947084567453555,2.192131744811625,282.75189221063033,21.604533449392818,0
2024-01-15 05:00:00,19.469435415611315,4.93633387679718,6.508809960677118,276.45277946547174,19.129539607387684,1
2024-01-15 06:00:00,13.464037398200304,4.073093655458073,4.30738732312367,257.35289514555734,18.58488036257483,0
2024-01-15 07:00:00,18.67703298475946,2.671067128669335,5.186007384041402,295.6047143611933,18.13390276506101,0
2024-01-15 08:00:00,17.97009468794747,2.6854280091082807,5.296769611028914,220.04745155284027,19.160237238756544,1
2024-01-15 09:00:00,22.31700196104433,3.950329206355566,6.475588703532682,210.92642103096213,24.23598874488203,1
2024-01-15 10:00:00,22.701873017352874,1.9551085830732093,5.183348410836037,285.39619669554224,19.690757891911773,0
2024-01-15 11:00:00,10.90608019544089,1.4418964525255786,5.069667923800309,243.91498166337482,20.47989929052051,0
2024-01-15 12:00:00,17.492252292529425,2.418488630563106,2.3332602028034497,284.69688542070605,18.73741839136933,1
2024-01-15 13:00:00,22.517198314284727,2.148955966616327,4.59204010972602,289.3090205195415,19.55652913323719,0
2024-01-15 14:00:00,20.062725171601755,2.1852324818239603,2.750845004085208,206.24575936190715,21.634571995461435,1
2024-01-15 15:00:00,27.129796823766444,1.9344310041996398,5.687168843607428,288.34647629860604,22.254268781669566,0
2024-01-15 16:00:00,23.173872632378902,1.1683727585454475,4.561109604063372,244.8319055369422,19.71746619916348,1
2024-01-15 17:00:00,13.258688541628594,1.0714957389336552,5.401138896041767,251.04324890042324,18.40412511457582,0
2024-01-15 18:00:00,11.411374948008596,4.950889558944127,2.2083645030119214,262.659251109321,20.73723008389179,1
2024-01-15 19:00:00,22.84838556412631,2.7110925349434494,2.423960080229016,292.6382606730087,19.639423596484338,1
2024-01-15 20:00:00,10.530226210832437,2.5373065886387267,5.5816169403134115,201.9116094429764,19.536877462608615,0
2024-01-15 21:00:00,21.715511625469265,3.7185891307722794,2.360421679993367,247.6843468317817,24.719039618994188,1
2024-01-15 22:00:00,28.80460482849915,1.8730155514602567,2.356283638826293,268.7722042430561,22.314103401480068,0
2024-01-15 23:00:00,21.50948355751758,4.799844735800901,2.0605423761744373,272.27069576982285,21.89814910220467,1
2024-01-16 00:00:00,17.763398524130437,4.145380057662209,6.7825069914974,269.2532431537108,20.910425724663252,1
2024-01-16 01:00:00,22.865764368847064,1.357644009249038,5.687541797295035,213.44351294081218,21.00261033401101,1
2024-01-16 02:00:00,19.165057809830333,2.6703231031397134,3.766257042510321,229.93955883716814,21.786335026866567,0
2024-01-16 03:00:00,20.9123357863187,4.516473230248659,3.4826779064382762,235.87155254170136,22.87500864925275,1
2024-01-16 04:00:00,28.8292961755305,4.778928089165641,3.748516148729248,280.4437207679505,22.915022673272805,0
2024-01-16 05:00:00,17.722052756015486,2.869606044999479,5.873267655905909,227.8759872414553,19.20185735393815,1
2024-01-16 06:00:00,29.223811276478283,3.453645556842831,5.306853055352072,221.07049638672032,21.50078926453639,0
2024-01-16 07:00:00,28.107012839121275,1.668135784368301,2.9259778393373397,295.7448019038096,20.883706665238712,0
2024-01-16 08:00:00,13.915822695785929,4.964674504547906,2.870546676670422,200.8863285113469,24.093688763885687,0
2024-01-16 09:00:00,11.387226017503309,1.9266868055337736,2.4919782485669866,299.78208556819783,22.419932448528634,1
2024-01-16 10:00:00,12.015560027548533,4.770927096540502,5.301513598506691,267.6821298857395,21.727528464911874,0
2024-01-16 11:00:00,10.364436513030995,3.598586595969474,5.82186331110868,282.8469299449117,18.807762495252422,1
2024-01-16 12:00:00,11.888859215118568,3.4309471795154365,3.32523214162502,229.4619396346193,22.23946522526388,0
2024-01-16 13:00:00,23.660135468327137,3.0507540440660343,2.104724805154564,201.431527766706,18.820427339761633,0
2024-01-16 14:00:00,11.42377296920458,1.9226792468710348,2.4108583373821366,273.786951856153,20.360446028960265,0
2024-01-16 15:00:00,16.379512605875227,1.706112128022033,6.839300174225152,283.4144597000676,18.999893753700324,0
2024-01-16 16:00:00,26.89750621938909,1.8819448362807014,3.477223887387101,274.0476131953519,22.844515529170582,1
2024-01-16 17:00:00,10.465438714716518,1.745753048577018,5.846115739190668,214.28502873008387,19.443764796853067,0
2024-01-16 18:00:00,26.289369651778717,4.118337894267013,5.123317844271319,275.34279222569694,20.74301561231618,0
2024-01-16 19:00:00,15.637095495468,2.4005010366669204,3.9096981982644796,276.8922782107641,24.26972344333145,1
2024-01-16 20:00:00,12.363296552433125,1.2313707062535855,3.0284363109777757,265.8540515670055,19.43021468379279,0
2024-01-16 21:00:00,23.934743307283014,4.876410520563246,2.606932090797032,276.61159327955863,21.554635447711455,0
2024-01-16 22:00:00,22.578856935597678,4.535143539853703,5.075064840194333,284.5921439677732,20.934901628162155,0
2024-01-16 23:00:00,27.54944027054106,4.711009132780852,5.87316890318894,261.36041142374586,18.126868287320107,0
2024-01-17 00:00:00,24.701420876077716,4.979631290585742,5.2195212677056535,208.8604713969679,23.54930679500969,1
2024-01-17 01:00:00,26.06961860769697,1.6955809968779492,4.651510666245791,248.7627809667211,18.4833213442022,1
2024-01-17 02:00:00,15.640691451426129,2.584968075610635,2.2097561171581814,207.76493346716052,21.319785146838676,0
2024-01-17 03:00:00,13.548790875594456,4.032953902816365,6.842443887971919,240.75430310324307,21.92474806457265,1
2024-01-17 04:00:00,25.012295032817168,3.784082472215169,5.993570958272873,240.71064891256276,22.39898519630211,1
2024-01-17 05:00:00,26.13669478534528,1.6155836253594202,3.4641101835048236,206.60098441402417,22.82042140515513,0
2024-01-17 06:00:00,29.810102840013467,4.2633324999624715,6.899851646794254,234.88205339694792,19.772906684659006,1
2024-01-17 07:00:00,18.25235353822853,1.8977622873466427,5.009407948181611,211.0998098791315,18.069851436609145,0
2024-01-17 08:00:00,17.440361715855666,1.8952704592904923,4.912113291036232,280.8235210009222,23.064105636484385,1
2024-01-17 09:00:00,25.528259214839935,3.1478976915736543,5.740365897147661,294.7688025964471,21.74959619543305,1
2024-01-17 10:00:00,16.816070805060356,3.3717597393668126,6.058848940450687,207.23164752579385,23.852823922450742,1
2024-01-17 11:00:00,28.615146512071295,3.3203448313512447,5.282393036657513,295.5115207291701,23.749718540304862,0
2024-01-17 12:00:00,27.168255036860238,1.3659473495910195,2.640478731831,252.25765993367452,23.90328317451518,1
2024-01-17 13:00:00,18.579880547500366,4.5098434505215215,3.691337529972492,229.9565677953874,21.395662619856783,0
2024-01-17 14:00:00,25.017421355829946,2.0624001703548243,6.640418201630249,207.68620752761635,20.33539877085806,0
2024-01-17 15:00:00,25.090857481693646,1.5180596851312167,3.1230780592192597,250.0624268070418,23.54090741813959,1
2024-01-17 16:00:00,12.062477376718652,4.554992319475909,3.8608351191875667,279.4515544490749,21.159058791204785,0
2024-01-17 17:00:00,28.051058133591333,4.822605992919014,4.16038441472098,270.7086477266698,19.28409537482404,1
2024-01-17 18:00:00,20.105047448957144,4.4485104690618025,4.1970249484722615,205.02260114639736,23.984818136930322,0
2024-01-17 19:00:00,26.529149322154833,4.238064298899513,5.064697912472628,207.29018353679035,24.17791913740643,0
2024-01-17 20:00:00,16.400992020612236,3.620967922556087,6.715379188723538,240.2873282632637,21.26416829298119,1
2024-01-17 21:00:00,27.91046456992401,3.2034294824365572,3.203463559162525,229.52904940479434,18.529898091168512,1
2024-01-17 22:00:00,17.784033574683264,1.3479470396456406,2.60750688150459,223.2384323056048,20.71478262941852,1
2024-01-17 23:00:00,10.216753029605968,2.633812852282795,2.987352449299687,228.10044989087135,23.624763616238223,1
2024-01-18 00:00:00,28.107639528385274,2.490754068049256,6.434624501046348,280.3482743296885,24.3124181998236,0
2024-01-18 01:00:00,11.825733535722671,2.039015135041305,5.22905406327603,292.9228053631854,19.424309197483172,0
2024-01-18 02:00:00,16.3862727518083,3.8936804547543398,3.4295339461958005,240.51026945275663,18.4688152841769,0
2024-01-18 03:00:00,29.0012393410161,2.9835029403150832,6.079734694843086,290.6111002132497,24.14145317192987,1
2024-01-18 04:00:00,29.012142938751122,1.3241848636305917,6.30684998181718,232.1495701247882,20.725834572852126,0
2024-01-18 05:00:00,21.46875776246572,1.8807328077992453,6.232571693451391,247.64369863437918,21.79232674987294,1
2024-01-18 06:00:00,22.636744243395984,3.7330350546383837,6.5946326681977725,222.60289978159997,24.776460684355314,0
2024-01-18 07:00:00,18.968910439566393,1.3045234379612007,3.2612051008668077,264.0476042175844,18.46595309539956,1
2024-01-18 08:00:00,15.864215433961292,4.404827656195074,5.775209643731392,297.89811151748086,22.538226052164667,0
2024-01-18 09:00:00,16.57329090739832,2.9805861080558973,4.3026974863707,260.34930960433786,18.51873795802407,0
2024-01-18 10:00:00,23.450369121540767,2.922346309306592,6.209992764450307,235.7814084113549,20.628282499265502,1
2024-01-18 11:00:00,25.0474905887536,3.3696311386380704,5.642453385808066,264.78174459905284,23.626701816354128,0
2024-01-18 12:00:00,25.83158087451697,4.298723863700596,5.882237232498623,212.29206784653877,21.03430562928944,1
2024-01-18 13:00:00,25.792362855891078,2.391236831608772,5.280809188405358,288.86590802653984,24.980276477320654,0
2024-01-18 14:00:00,11.824122060973806,3.7120646102362542,2.8871438473485345,250.30839507798362,21.913414994626216,0
2024-01-18 15:00:00,19.88840609405163,3.2629278559831643,4.725134594484691,244.9349742039642,20.248135068451674,1
2024-01-18 16:00:00,11.151175200332887,2.0681130806776853,6.923348697622541,258.5864788453519,19.540779281333272,1
2024-01-18 17:00:00,20.990577646474712,4.514519945420632,6.6869403324855945,262.47838627894026,20.453643740003134,0
2024-01-18 18:00:00,18.83061002746754,4.189704086427712,2.2158686789850583,207.1775806226513,20.607732916316856,0
2024-01-18 19:00:00,27.754083655165996,3.633807338633702,2.8240740786471856,268.26172212234025,18.480995744067727,0
2024-01-18 20:00:00,17.018300251041573,4.402326916376968,2.6586438672728097,224.19316803155294,20.58701939598741,0
2024-01-18 21:00:00,12.341340328552118,4.4691768038392095,5.629899549926478,271.395263250659,21.249669638174574,0
2024-01-18 22:00:00,12.859833641056717,3.833451906860139,6.088926649284725,282.2534794384197,23.059164265671633,0
2024-01-18 23:00:00,25.230212634349446,4.348053313454688,3.0675568315533597,280.395850755252,22.597106393051256,1
2024-01-19 00:00:00,22.364361266325222,3.7898858466771346,4.529263464759145,255.2500967407889,22.96135958660408,1
2024-01-19 01:00:00,12.022453522455805,3.7205630870412016,6.203515140056,252.01698923107512,18.058545773138,1
2024-01-19 02:00:00,11.682136122299948,3.474445512860737,5.6640077238312525,214.28759613394118,19.523671797063752,0
2024-01-19 03:00:00,24.0193826291824,4.010866558230565,4.711186027459242,277.53461504031355,22.631790018798995,0
2024-01-19 04:00:00,11.455260127283871,1.6344204211722948,4.951738452293864,227.14093804467143,21.38792557725823,0
2024-01-19 05:00:00,26.437201185807126,4.523483036795714,4.5418027345814,249.66954228179466,18.03719432967842,1
2024-01-19 06:00:00,24.124844543129925,4.487374110980928,3.4877422565941028,228.42740929275166,23.631462497022756,1
2024-01-19 07:00:00,11.626975612837995,1.1169891321382366,4.8251099642950805,213.3828362999693,23.40966701303236,0
2024-01-19 08:00:00,11.69675428170384,4.303267002259051,5.444426510250453,262.9557696891737,21.83893414095494,0
2024-01-19 09:00:00,29.732791570023508,1.5154794698937808,6.366614579304039,205.4332034822904,18.465243280433906,1
2024-01-19 10:00:00,17.485415915122406,2.3404754170365676,5.18145676989624,274.86452341262,23.365605346728092,1
2024-01-19 11:00:00,17.412842941337818,3.974033025166431,5.80560768521579,231.75867952611168,22.085995114119548,1
2024-01-19 12:00:00,26.25599134515005,1.6430395841932328,2.8003581747728647,200.01346930044852,23.473719840105716,0
2024-01-19 13:00:00,28.944971547677174,4.271868096476249,4.307787372098949,251.11291392372297,23.262228946770882,0
2024-01-19 14:00:00,29.720021276457416,4.328536711830967,2.0466580991354664,204.68519085276031,23.62101450370486,0
2024-01-19 15:00:00,25.067563705178834,3.029870935043345,3.233394322608115,227.61695578208995,21.626056464832374,1
2024-01-19 16:00:00,17.525191710618316,1.0255434868673343,5.632308575565024,270.6976487455716,18.982271627354606,1
2024-01-19 17:00:00,11.670014333973375,2.148152532699651,6.9590497567468175,206.2689621621866,22.69810231365782,0
2024-01-19 18:00:00,25.542938318548735,3.467707673502969,2.4958904979360796,283.93384923560023,22.343316495363794,0
2024-01-19 19:00:00,21.1680849947161,4.924744712109694,4.007471579306442,200.38199226585832,23.19577231039361,1
2024-01-19 20:00:00,18.484440184939526,3.5272541080666735,6.000354843495797,224.68238692019023,19.189167042355148,0
2024-01-19 21:00:00,28.12708770189472,2.039214324256639,3.0201781731444943,274.09040561520715,19.364826399302025,1
2024-01-19 22:00:00,12.223949646123026,3.5360228123984454,4.7754247465114315,231.62701497293068,24.232866620535297,1
2024-01-19 23:00:00,19.852502085817182,3.159941518863422,5.665356480148374,210.18923880660134,23.249844589164496,0
2024-01-20 00:00:00,10.227072895348382,4.119381580604575,5.079927251300895,236.0233918800428,24.35759942090226,1
2024-01-20 01:00:00,19.373212839882527,1.4279225553078336,2.9401236730770806,227.03932863845256,23.311007248147444,0
2024-01-20 02:00:00,11.126065513636746,4.0441116100081125,3.776922843428697,284.2711902160555,22.180087141932113,1
2024-01-20 03:00:00,12.376358325361439,3.165066314704441,5.918958922426986,231.3347917585143,22.578929159195116,1
2024-01-20 04:00:00,12.350524935542097,4.851968015435979,4.771132570660083,278.89324717760076,24.22389546758007,0
2024-01-20 05:00:00,22.984206042321272,2.3674886641547443,2.026148067714564,289.18721448107345,22.051647281583584,1
2024-01-20 06:00:00,24.920897585308467,3.5304875725357925,5.804953800140469,243.38174195765296,22.42673927029871,0
2024-01-20 07:00:00,21.667375301943192,4.72811242204007,2.1765567747011954,290.9943143854392,19.095337012025205,0
2024-01-20 08:00:00,29.243450969490837,1.410038911962717,5.728668913656161,237.7318053963193,21.31744854081272,1
2024-01-20 09:00:00,17.49741159047408,4.7489139489458045,3.012402800826187,296.40784164901083,23.014779783706693,0
2024-01-20 10:00:00,15.714241725637216,3.7515428892032534,6.790367400596901,208.9289524525573,19.89659888821456,0
2024-01-20 11:00:00,27.371982563789206,1.2713482364206876,3.8397037565104224,268.70192665032425,19.415779263671745,0
2024-01-20 12:00:00,14.471916770389052,2.203854267787265,3.6346580816903957,249.38140404569288,20.19678765757091,0
2024-01-20 13:00:00,29.264450788812226,3.8326883545811263,2.7444402516622235,238.76488054556472,19.690504395949834,0
2024-01-20 14:00:00,10.243089493796326,1.2694024058750868,3.5280210774510743,263.27118787486006,19.50438845925477,0
2024-01-20 15:00:00,29.39757653415278,3.328681840705093,6.383253809141003,270.38570916343315,20.973955900076607,1
2024-01-20 16:00:00,10.863198239011522,2.383532227811827,6.981671688136236,200.4363269650309,24.354869597184738,0
2024-01-20 17:00:00,27.822862273961423,3.4836620710699084,3.8415476525342416,216.69530887471987,21.549417527171027,1
2024-01-20 18:00:00,20.554022181725998,1.1829681352500514,4.243053154772713,271.30460506343184,19.315442665707263,1
2024-01-20 19:00:00,29.859295922386007,4.486147224609505,5.6103546910136854,266.63854135782066,18.53880168566612,0
2024-01-20 20:00:00,11.475931294707976,4.893955876709588,6.430978902325372,296.6047505128677,22.873093015965477,1
2024-01-20 21:00:00,21.077085688026415,4.875511421142766,4.9652216709339205,276.1037790250783,20.679591351054714,1
2024-01-20 22:00:00,29.38605071238198,3.998607326971699,3.957628490889147,295.0772707731338,23.752816626097513,0
2024-01-20 23:00:00,20.461956883402976,1.5203449605225279,4.063109204243119,270.2540501534807,22.616575380485394,0
2024-01-21 00:00:00,22.58797276270525,4.033052783716091,5.478090732484034,229.80522086394433,23.573690153789578,0
2024-01-21 01:00:00,23.914973779692343,1.098347665835206,2.0160913180213935,210.53649222508565,19.90362227592914,1
2024-01-21 02:00:00,19.090821295355465,1.088494206115989,5.097946687299204,278.1823863344936,22.846512457227405,1
2024-01-21 03:00:00,22.55116160168127,2.294440876598165,3.7774650522067867,264.4149221475916,19.848433892856033,0
2024-01-21 04:00:00,21.686286238462003,2.954572761618663,5.9709866563854215,204.8186012393296,24.573479356152042,0
2024-01-21 05:00:00,28.02316020981978,4.081629671231173,2.464953199115661,236.00504659009783,22.45461997073362,1
2024-01-21 06:00:00,10.908927606829158,3.7331815064260208,4.941011334741953,295.6799815484286,20.271582601227394,1
2024-01-21 07:00:00,15.619263791844606,2.7836108255069933,4.404864449430619,250.04011457102013,19.88658303604591,1
2024-01-21 08:00:00,29.008229681531176,2.0945066651266635,5.211627629526137,243.27291360197046,19.336486095501506,1
2024-01-21 09:00:00,27.805275677818326,4.988498000630845,2.324267972414842,245.7699605159294,22.862486712256093,0
2024-01-21 10:00:00,19.11313505571426,2.704725208943892,4.899918937140656,220.88827240051637,19.53100929098549,1
2024-01-21 11:00:00,22.402651956030734,2.805548097318702,4.807422939797618,236.87071708647952,22.167122861492423,1
2024-01-21 12:00:00,15.547623659622653,1.6544952847666767,4.8033004720808545,236.98132559871766,19.852445188477503,1
2024-01-21 13:00:00,13.762423194475225,4.1792381949997175,5.017438332982274,205.23550201874724,22.63378261355708,1
2024-01-21 14:00:00,19.273968098799642,3.7747289031259545,5.382339686131811,276.7567628517918,23.704578099783774,0
2024-01-21 15:00:00,17.067044560521055,1.8830784511550416,6.024944998403849,241.6504431903879,23.446176702012572,0
2024-01-21 16:00:00,21.67312223701744,1.3295241824633708,3.3491036006410715,282.21798868164234,23.325959316515473,1
2024-01-21 17:00:00,11.554692739299696,3.7219972082988524,6.1252470509003105,285.0348001119895,19.314056839845765,1
2024-01-21 18:00:00,29.48789615332333,3.618044857124541,4.491278411317268,221.1994054698658,18.61869462889163,0
2024-01-21 19:00:00,29.72421488959206,2.0930381079928373,2.385291395671656,265.73534821701287,22.8926417994117,0
2024-01-21 20:00:00,23.963234280394904,4.803454249001641,2.2927546462198958,247.2281804162982,20.578430496560458,1
2024-01-21 21:00:00,20.72192732688241,1.604231567123601,3.671191593480304,288.0156737921485,21.02642358482343,1
2024-01-21 22:00:00,16.190552325726557,2.7293392041704077,5.924484885557337,221.5740679176454,18.21804364955374,0
2024-01-21 23:00:00,26.275900394138972,4.7744636806703955,5.538404673704578,267.78132003100444,19.817035144925345,0
2024-01-22 00:00:00,23.694623451077586,2.6789092677044892,5.943074823362032,260.77521222527224,18.23573482712125,0
2024-01-22 01:00:00,13.252338786897827,3.554103790656342,4.586345282208047,229.53014775718327,24.154300408208734,0
2024-01-22 02:00:00,28.21854368987685,2.590377591851177,4.200994989777453,213.66009036511727,19.703776782529715,0
2024-01-22 03:00:00,26.45074485846338,2.09686080939468,2.7372626335314196,265.16397604772766,21.901360187011058,0
2024-01-22 04:00:00,28.99599826583848,4.935910591839313,3.6409637680465576,273.8597458132331,18.272855244627912,1
2024-01-22 05:00:00,24.5143901677672,2.637336025260172,4.170096830869376,231.56273437633502,22.667931739139608,0
2024-01-22 06:00:00,22.268303918715798,4.576396814716538,2.443002148398086,264.4832604022314,20.261191420278656,0
2024-01-22 07:00:00,18.364860725812377,1.9198184235643447,3.103059763556056,239.51309076115032,24.28543430870366,0
2024-01-22 08:00:00,28.654569667080267,1.8524188161003332,4.991126470318694,271.3206883282618,24.21682732253825,0
2024-01-22 09:00:00,27.321277790008168,1.1245363315380454,5.678315571195949,219.92152748940532,20.277034328532235,1
2024-01-22 10:00:00,10.904373402123788,3.60666730150354,6.991737556964749,289.02150026361744,24.306726269833277,1
2024-01-22 11:00:00,10.52733948994504,2.4741053748950446,6.665566656717789,228.74095964655797,24.97310371449145,0
2024-01-22 12:00:00,17.52926733756099,4.457432999358549,5.2128259976759574,236.7785987756153,23.777909648867634,1
2024-01-22 13:00:00,26.211066615636657,2.8928396267662286,4.10624026647036,205.80919520803496,23.914099434286605,1
2024-01-22 14:00:00,29.74552258629889,4.872773711658887,5.180886823541163,211.15122123212763,19.74306115276363,1
2024-01-22 15:00:00,13.008337822070564,1.7421020628124846,5.92825809040116,251.5861902712328,22.036916792004295,1
2024-01-22 16:00:00,21.8826143070427,4.474492671822443,2.591680954616937,226.75926767279714,18.470791397771574,1
2024-01-22 17:00:00,17.61781713262043,4.106387411166967,4.049524448481441,283.54802257421943,18.664425557751688,1
2024-01-22 18:00:00,29.398287956292066,4.083687378576208,6.199011428178086,201.4693388654954,24.992248284233035,0
2024-01-22 19:00:00,26.842378462714173,4.379132912467551,3.91916475966522,237.90940486719362,20.286474745981376,0
2024-01-22 20:00:00,26.766574094222758,4.044095963771996,4.859361356135933,233.73455467690928,23.237287384341926,0
2024-01-22 21:00:00,19.373863195899403,3.5048812865256616,4.938846804310991,201.9327630917601,23.646655371187716,0
2024-01-22 22:00:00,18.296390046753302,1.5249795107295503,2.922381265668197,212.436839900051,24.006162897050604,0
2024-01-22 23:00:00,15.468141438614126,1.1301047179650077,3.8111772082614417,241.36426749186353,24.983398081815096,1
2024-01-23 00:00:00,11.127509933018542,4.683391391262747,3.6725564437096607,249.28645844474465,19.690475396798075,0
2024-01-23 01:00:00,27.294447525101063,3.466601258082952,2.130983542660324,240.4289747254869,18.2824557880179,0
2024-01-23 02:00:00,26.258020182601552,4.186149163904705,2.120958819456776,253.0937678412094,20.878340625962103,1
2024-01-23 03:00:00,29.99435346572261,2.9260894060502003,6.158485218378868,259.51316749056815,18.91056468880263,1
2024-01-23 04:00:00,29.93273674147811,1.469232755849578,3.365354049864062,200.99238211278356,18.156981224134388,0
2024-01-23 05:00:00,21.10863411205255,1.5007431688102018,4.590393831194078,246.4095159453504,20.522987789990403,1
2024-01-23 06:00:00,25.37974830361021,3.7422611489158855,3.4936278679438653,296.3499240887588,23.486167757526655,1
2024-01-23 07:00:00,28.89531459764856,2.7212235795978508,6.703396225576703,251.90322801295486,21.963264838575498,1
2024-01-23 08:00:00,26.99294781354823,1.8020989068013469,3.2964837943288687,267.7542267458953,20.18944592447248,1
2024-01-23 09:00:00,14.946962034863953,2.9663781869657475,4.148284063694676,231.1863857916883,22.580394038449036,0
2024-01-23 10:00:00,19.01088270620187,1.2568357483005363,6.3636512524230096,277.3991378152763,19.624127262161675,1
2024-01-23 11:00:00,12.5831883030299,3.327885607657595,6.209667833959044,277.2921481876115,18.100670122504596,0
2024-01-23 12:00:00,29.081020545174447,2.0759736177403907,2.9305070892313867,252.1296047654139,23.35047370505499,0
2024-01-23 13:00:00,22.123492689017603,4.190236402548752,6.013216548978552,297.6013823279213,22.366201594048064,1
2024-01-23 14:00:00,14.572856110069255,2.241447835694295,4.290934433689463,212.55502147626532,23.33611837150672,1
2024-01-23 15:00:00,23.434013688117133,2.820880596327205,4.414844360426776,201.6947664889581,18.27256611681366,1
2024-01-23 16:00:00,22.362564809157917,1.0464821596324025,2.667399862079719,277.0158211757096,23.859837394814566,0
2024-01-23 17:00:00,17.163254360656808,1.2897875511782355,2.403007568785623,280.71555373648823,22.336683400254124,1
2024-01-23 18:00:00,12.27115184399258,2.5699742256267393,5.6396965348688255,212.02072291205764,21.943767454988482,1
2024-01-23 19:00:00,23.431463911855992,2.919755338868494,4.482305761776499,226.5582832958606,22.37229833680172,1
2024-01-23 20:00:00,20.406154018075867,3.400082192477215,4.184253513075898,201.7552363366629,24.05103272807855,1
2024-01-23 21:00:00,25.446367834712788,2.166650314837213,5.647541143261984,229.33086107805647,22.10855554591235,1
2024-01-23 22:00:00,20.403270022239866,3.77992754450617,5.827564494955549,277.31418739186716,22.066652659217254,0
2024-01-23 23:00:00,27.0436300063708,4.440489588756819,2.7945408383467676,251.7960527712579,24.93475409946036,1
2024-01-24 00:00:00,21.03813677548971,4.119403955573399,5.051125747388206,234.80955931682882,23.297111169479976,1
2024-01-24 01:00:00,21.218759430707728,1.1584753013934286,2.6767704113884276,237.17392949063304,21.096056638157947,1
2024-01-24 02:00:00,27.5330720531669,2.9220277890313158,5.756875430145229,200.1353625715468,22.951779000230495,0
2024-01-24 03:00:00,18.06965732424794,1.4197207136726995,5.284775781335698,229.9800527565236,20.72461330184252,1
2024-01-24 04:00:00,12.680304569012815,1.9681800634501099,6.78307310541729,264.64587416379305,19.60212823738449,0
2024-01-24 05:00:00,10.57565352626678,4.946650373068586,2.344790081782106,297.4194443816357,22.177963138214317,0
2024-01-24 06:00:00,25.10274511347238,1.569982171606053,2.2852736057562715,284.70608269838993,24.49727468679766,1
2024-01-24 07:00:00,22.406191027069294,2.9955526138054243,3.4109353734660006,202.3594964645529,24.503976640108238,1
2024-01-24 08:00:00,24.08159536198447,3.4726229372724764,3.30852841867953,289.8560604674839,20.393336946738433,1
2024-01-24 09:00:00,14.259283230178214,3.809859882176416,3.2348939953599993,278.3198413298626,21.693742263551865,0
2024-01-24 10:00:00,12.727429511735394,3.2385947339476564,6.531272902605183,278.03761235709806,19.481451289989028,0
2024-01-24 11:00:00,10.290893313357639,1.0390833896767346,3.2477309992475307,245.79957590035715,24.969417766492185,0
2024-01-24 12:00:00,17.011751176131938,2.3058452329759676,3.359748630643155,239.80052929545027,24.86782535507555,0
2024-01-24 13:00:00,21.79835373709266,3.0708465735388457,5.796991312089819,230.29157288331925,22.54656250795213,0
2024-01-24 14:00:00,17.844880901994646,1.3514659965793334,4.2486992122527,206.56948589543657,23.630898417742316,0
2024-01-24 15:00:00,18.749498440474582,2.402507724836723,5.883552784775906,222.8235363493699,23.0057011289859,1
2024-01-24 16:00:00,28.083173889874967,1.1328124351654663,2.326830787821926,224.66036349780245,22.15210753327628,1
2024-01-24 17:00:00,16.965109340466007,1.314313988620083,4.437855968366922,248.40770697102016,18.373435978922284,0
2024-01-24 18:00:00,20.279789783196215,2.5876931048063843,2.168068000916413,274.7444406596694,21.18335039786863,1
2024-01-24 19:00:00,25.67306025482286,1.5308630161722414,2.3132660172767725,247.38098283979465,22.723504115171874,1
2024-01-24 20:00:00,17.930855646425403,3.2701633930462326,6.532187266722055,205.78444494471606,22.742721297185792,0
2024-01-24 21:00:00,22.441734004557468,3.757859876549063,2.696226855587976,295.7789800988204,20.611858328956686,0
2024-01-24 22:00:00,27.247274174934905,4.2023467964363315,4.662103411376085,294.27243190941124,24.591843906606215,1
2024-01-24 23:00:00,28.990412473152844,1.8006009769792404,4.055478013003533,278.5189543148408,19.171499225657467,0
2024-01-25 00:00:00,12.941469618580758,1.669930329036279,3.7367166312942133,299.13279015642206,21.502516123508926,0
2024-01-25 01:00:00,28.53175250322989,1.418271361337601,6.499166728436363,254.4482332800263,22.83618783585576,1
2024-01-25 02:00:00,19.842325861590766,3.545720998174547,2.1091169838774473,296.2768350253206,22.879950641242665,0
2024-01-25 03:00:00,15.164887765979167,3.8259029059476046,5.3189484308779456,207.5605040616751,22.54047269738171,1
2024-01-25 04:00:00,19.182715124765224,1.1263445793025681,6.816972171067752,236.56807482613715,19.92701749416302,1
2024-01-25 05:00:00,29.600651505709543,4.744848984974759,4.80084091730921,222.5381268006766,19.093445980806354,1
2024-01-25 06:00:00,19.85236187985739,1.2078851346058896,6.684112310165459,219.583308413427,22.451582287786977,1
2024-01-25 07:00:00,16.575032205750162,3.165185341204282,2.2612893964301186,214.0802948892676,22.195114812976065,1
2024-01-25 08:00:00,22.668017086334515,3.8362420778036657,4.093966595370807,262.2413641565997,19.255492072024687,0
2024-01-25 09:00:00,14.802912375563862,4.483876494984342,3.3007889548102556,278.1321855747305,22.935974018993942,0
2024-01-25 10:00:00,11.517266562173278,3.856347728529711,5.654104824903649,257.8298399420361,21.186203942135595,0
2024-01-25 11:00:00,12.577594438212984,4.206912332279167,6.906485452486233,214.69627095882097,22.674324141222073,0
2024-01-25 12:00:00,12.560916779155448,2.3578007701712242,3.282650312221239,281.1123769933471,23.861569558391054,1
2024-01-25 13:00:00,13.038053870245887,4.2593004549860485,5.270873007370373,263.59547071637286,19.188099000038463,1
2024-01-25 14:00:00,12.776543452988204,1.3204593855387006,2.990488163798701,238.81657061269954,18.134014075977856,0
2024-01-25 15:00:00,22.817494896064293,4.579266624242111,4.826651272858049,267.4130295536063,23.45371810477051,1
2024-01-25 16:00:00,13.637601687982897,3.190369504614945,4.319662433441681,225.9904979242833,22.26788197606831,0
2024-01-25 17:00:00,16.913345666477262,4.269191079849975,6.860026648157685,234.51922084942106,22.897476987354853,0
2024-01-25 18:00:00,27.935768198120236,2.8092731380732006,5.042636363482333,291.748584313199,23.867084824920497,0
2024-01-25 19:00:00,19.479232805257446,3.5743107807861,3.747531860434094,229.05045056714204,23.619676543771504,1
2024-01-25 20:00:00,23.351154770420543,3.105610643744453,2.5704789244396666,246.99882681579368,24.726441028501775,1
2024-01-25 21:00:00,13.446397424032597,3.9263580870213275,2.7562341436746727,289.0141137396015,21.751545551964828,1
2024-01-25 22:00:00,13.845780376173416,1.3265199281223583,3.1265846497561753,270.7721350267527,21.419469428619337,1
2024-01-25 23:00:00,10.817372325329577,1.2414083359622552,3.25483330670149,206.22032261647027,20.81321039923511,0
2024-01-26 00:00:00,13.378701261443291,1.9884129360405858,6.253080289205689,214.73030442789704,19.07583729990943,1
2024-01-26 01:00:00,15.571806780639172,1.6381787204527534,4.806113941412624,200.78415907719167,22.008250630174157,1
2024-01-26 02:00:00,13.540209685534936,4.487134266368807,4.616954556871832,263.09217902291635,19.93908767028185,1
2024-01-26 03:00:00,11.774050675141112,1.8768559494321773,2.5738443593460874,244.76734254104184,24.44915258549083,0
2024-01-26 04:00:00,12.412717422012015,4.903461023276526,6.300698466747175,213.42748509022755,22.082335629939685,0
2024-01-26 05:00:00,19.215575360654515,2.3475831670844274,5.614071516042419,295.793412105677,22.14988126355677,1
2024-01-26 06:00:00,14.12667436811585,1.7284716627547971,2.338341809500008,252.965972394562,20.48447262613907,1
2024-01-26 07:00:00,17.28539722096151,4.1587940285699165,5.539175486148843,224.18932941128892,18.36392546384395,1
2024-01-26 08:00:00,20.068345417097138,3.6348311020035045,4.717691086713231,250.06035711547077,18.222206357610922,1
2024-01-26 09:00:00,23.807896572587307,2.992782865812556,2.4086267287338914,267.96203327351077,20.96334600907238,0
2024-01-26 10:00:00,10.786242796821979,3.221454203750525,4.291503207643283,207.62392179735645,18.591957646680665,1
2024-01-26 11:00:00,25.988207978180853,3.8768071130890553,4.423481435650235,227.4703815047892,22.247928688780974,1
2024-01-26 12:00:00,22.558007789818156,1.913818965325195,2.8288727008163788,280.69654908839937,24.1668110394776,1
2024-01-26 13:00:00,11.635180638977438,4.985335664226968,6.728490735001412,245.96648704026612,24.180403715631055,0
2024-01-26 14:00:00,27.471572482135546,4.8991726485871325,6.24987685740331,254.6577142032295,22.613317870925627,0
2024-01-26 15:00:00,28.417448010636264,3.6013027453877475,5.3451116866455415,243.28160022094693,19.478622820310516,1
2024-01-26 16:00:00,11.221559197097275,1.7981698037165805,4.311477805003036,204.38999426430053,24.040977819512104,1
2024-01-26 17:00:00,15.537552962944075,3.7209129697251653,4.058827707922543,216.57497798201558,24.202654047192457,1
2024-01-26 18:00:00,26.124025595861227,1.2887936359167034,5.254867335754771,244.5541638741891,19.37657509467071,1
2024-01-26 19:00:00,24.965193807673167,1.1226100088232243,4.727159347034528,220.9185465407928,23.16198260039474,1
2024-01-26 20:00:00,13.690420387127546,2.0307315540448547,2.311365529409428,204.9979028659679,20.00563684248986,0
2024-01-26 21:00:00,14.186986466734206,2.850491826957265,4.562513243851658,284.3649664051824,23.61848218647051,0
2024-01-26 22:00:00,17.40944205582764,4.4730900216335225,6.032018086164197,298.1192529164116,24.980665299325217,0
2024-01-26 23:00:00,19.690459703820427,3.908676279065232,4.296199387984791,279.31428739967396,18.21018203730575,1
2024-01-27 00:00:00,22.36509543060592,3.970826084799924,2.259782887771342,285.3784921704667,24.281561060536525,0
2024-01-27 01:00:00,17.378272791395446,2.7019733377923014,5.9313909969201655,224.19771303170455,22.358413735190606,0
2024-01-27 02:00:00,19.25069432266296,2.3837399701878517,3.006818910679872,296.06269755131996,24.81367833415375,0
2024-01-27 03:00:00,24.94941876267513,2.484155051938411,3.293104174440194,219.69257044534282,21.255066622684993,1
2024-01-27 04:00:00,10.733664057811957,4.950598254944231,2.8235317671614792,295.14298103618324,23.931715513999617,1
2024-01-27 05:00:00,15.048738886880415,1.16043676564993,3.6510753243574876,299.4819293965951,18.43675848018794,0
2024-01-27 06:00:00,24.26699171769105,4.468125984489794,5.783757528443175,271.1722805746049,20.34695335054807,1
2024-01-27 07:00:00,27.904136753743987,3.3147016342895737,4.5969292975196865,298.11437317918217,18.46911576425847,0
2024-01-27 08:00:00,20.233548842313322,2.754461676758362,3.024406370753563,256.9539779567104,24.827401934353496,0
